date,sum,recovered,dead,hosp,hospcov,severe,url
1584266400,51,0,0,0,-1,0,https://corona.thueringen.de/covid-19-bulletin/
1584352800,55,0,0,5,-1,0,https://corona.thueringen.de/covid-19-bulletin/
1584439200,71,0,0,7,-1,0,https://corona.thueringen.de/covid-19-bulletin/
1584525600,87,1,0,7,-1,0,https://corona.thueringen.de/covid-19-bulletin/
1584612000,108,2,0,9,-1,0,https://corona.thueringen.de/covid-19-bulletin/
1584698400,161,3,0,15,-1,0,https://corona.thueringen.de/covid-19-bulletin/
1584781200,207,24,0,20,-1,0,https://corona.thueringen.de/covid-19-bulletin/
1584867600,237,27,0,21,-1,0,https://corona.thueringen.de/covid-19-bulletin/
1584954000,263,33,1,21,-1,0,https://corona.thueringen.de/covid-19-bulletin/
1585040400,349,52,1,32,-1,2,https://corona.thueringen.de/covid-19-bulletin/
1585126800,423,64,2,43,-1,3,https://corona.thueringen.de/covid-19-bulletin/
1585213200,512,80,3,61,-1,5,https://corona.thueringen.de/covid-19-bulletin/
1585299600,574,110,4,62,41,7,https://corona.thueringen.de/covid-19-bulletin/
1585386000,672,150,5,69,46,7,https://corona.thueringen.de/covid-19-bulletin/
1585468800,736,180,5,84,58,7,https://corona.thueringen.de/covid-19-bulletin/
1585555200,761,210,5,91,63,10,https://corona.thueringen.de/covid-19-bulletin/
1585641600,805,270,6,105,74,14,https://corona.thueringen.de/covid-19-bulletin/
1585728000,864,320,7,121,88,16,https://corona.thueringen.de/covid-19-bulletin/
1585814400,938,390,8,127,104,17,https://corona.thueringen.de/covid-19-bulletin/
1585900800,1021,440,9,137,111,17,https://corona.thueringen.de/covid-19-bulletin/
1585987200,1080,500,10,143,114,19,https://corona.thueringen.de/covid-19-bulletin/
1586073600,1144,550,10,150,120,19,https://corona.thueringen.de/covid-19-bulletin/
1586160000,1188,560,13,161,130,21,https://corona.thueringen.de/covid-19-bulletin/
1586246400,1222,640,19,174,142,26,https://corona.thueringen.de/covid-19-bulletin/
1586332800,1299,690,20,194,152,30,https://corona.thueringen.de/covid-19-bulletin/
1586419200,1354,740,21,199,157,31,https://corona.thueringen.de/covid-19-bulletin/
1586505600,1420,770,24,212,162,37,https://corona.thueringen.de/covid-19-bulletin/
1586592000,1443,820,25,222,166,38,https://corona.thueringen.de/covid-19-bulletin/
1586678400,1470,850,25,223,168,39,https://corona.thueringen.de/covid-19-bulletin/
1586764800,1491,890,28,230,174,41,https://corona.thueringen.de/covid-19-bulletin/
1586851200,1510,1000,32,237,178,41,https://corona.thueringen.de/covid-19-bulletin/
1586937600,1566,1040,40,256,191,41,https://corona.thueringen.de/covid-19-bulletin/
1587024000,1604,1080,45,267,206,48,https://corona.thueringen.de/covid-19-bulletin/
1587110400,1688,1130,50,273,208,55,https://corona.thueringen.de/covid-19-bulletin/
1587196800,1722,1170,51,282,214,57,https://corona.thueringen.de/covid-19-bulletin/
1587283200,1768,1210,53,290,220,58,https://corona.thueringen.de/covid-19-bulletin/
1587369600,1789,1250,53,296,223,58,https://corona.thueringen.de/covid-19-bulletin/
1587456000,1820,1290,59,313,233,60,https://corona.thueringen.de/covid-19-bulletin/
1587542400,1874,1330,61,331,236,62,https://corona.thueringen.de/covid-19-bulletin/
1587628800,1962,1380,64,348,249,63,https://corona.thueringen.de/covid-19-bulletin/
1587715200,2021,1430,65,363,260,66,https://corona.thueringen.de/covid-19-bulletin/
1587801600,2064,1460,71,372,265,68,https://corona.thueringen.de/covid-19-bulletin/
1587888000,2098,1490,73,377,268,69,https://corona.thueringen.de/covid-19-bulletin/
1587974400,2119,1520,74,380,269,69,https://corona.thueringen.de/covid-19-bulletin/
1588060800,2145,1570,78,389,278,70,https://corona.thueringen.de/covid-19-bulletin/
1588147200,2208,1610,80,404,288,71,https://corona.thueringen.de/covid-19-bulletin/
1588233600,2255,1650,85,420,300,72,https://corona.thueringen.de/covid-19-bulletin/
1588320000,2323,1690,93,438,306,74,https://corona.thueringen.de/covid-19-bulletin/
1588406400,2335,1720,93,443,310,74,https://corona.thueringen.de/covid-19-bulletin/
1588492800,2353,1750,95,449,315,74,https://corona.thueringen.de/covid-19-bulletin/
1588579200,2364,1800,97,454,317,75,https://corona.thueringen.de/covid-19-bulletin/
1588665600,2393,1860,99,460,321,77,https://corona.thueringen.de/covid-19-bulletin/
1588752000,2428,1900,104,468,323,78,https://corona.thueringen.de/covid-19-bulletin/
1588838400,2468,1940,110,483,327,79,https://corona.thueringen.de/covid-19-bulletin/
1588924800,2513,1980,112,493,330,82,https://corona.thueringen.de/covid-19-bulletin/
1589011200,2535,2000,116,496,330,83,https://corona.thueringen.de/covid-19-bulletin/
1589097600,2563,2030,117,509,336,84,https://corona.thueringen.de/covid-19-bulletin/
1589184000,2584,2060,118,515,337,84,https://corona.thueringen.de/covid-19-bulletin/
1589270400,2617,2110,123,528,342,84,https://corona.thueringen.de/bulletin
1589356800,2639,2140,127,535,349,85,https://corona.thueringen.de/bulletin
1589443200,2663,2170,133,544,354,85,https://corona.thueringen.de/bulletin
1589529600,2689,2190,135,550,358,86,https://corona.thueringen.de/bulletin
1589616000,2710,2200,137,556,86,86,https://corona.thueringen.de/bulletin
1589702400,2724,2230,138,560,86,86,https://corona.thueringen.de/bulletin
1589788800,2741,2270,139,563,86,86,https://corona.thueringen.de/bulletin
1589875200,2751,2300,147,573,88,88,https://corona.thueringen.de/bulletin
1589961600,2770,2340,149,579,89,89,https://corona.thueringen.de/bulletin
1590048000,2796,2390,151,583,89,89,https://corona.thueringen.de/bulletin
1590134400,2819,2420,151,586,89,89,https://corona.thueringen.de/bulletin
1590220800,2841,2440,152,592,89,89,https://corona.thueringen.de/bulletin
1590307200,2865,2450,152,597,89,89,https://corona.thueringen.de/bulletin
1590393600,2871,2480,152,597,89,89,https://corona.thueringen.de/bulletin
1590480000,2881,2500,155,600,89,89,https://corona.thueringen.de/bulletin
1590566400,2910,2520,157,607,90,90,https://corona.thueringen.de/bulletin
1590652800,2941,2550,158,608,90,90,https://corona.thueringen.de/bulletin
1590739200,2961,2570,159,613,92,92,https://corona.thueringen.de/bulletin
1590825600,2961,2590,162,621,93,93,https://corona.thueringen.de/bulletin
1590912000,2986,2590,162,622,93,93,https://corona.thueringen.de/bulletin
1590998400,3015,2610,162,627,93,93,https://corona.thueringen.de/bulletin
1591084800,3020,2630,163,628,94,94,https://corona.thueringen.de/bulletin
1591171200,3024,2660,166,630,95,95,https://corona.thueringen.de/bulletin
1591257600,3043,2680,168,633,95,95,https://corona.thueringen.de/bulletin
1591344000,3053,2710,168,641,96,96,https://corona.thueringen.de/bulletin
1591430400,3077,2730,170,643,96,96,https://corona.thueringen.de/bulletin
1591516800,3079,2740,170,643,96,96,https://corona.thueringen.de/bulletin
1591603200,3087,2750,170,644,96,96,https://corona.thueringen.de/bulletin
1591689600,3102,2780,170,645,96,96,https://corona.thueringen.de/bulletin
1591776000,3112,2810,171,649,98,98,https://corona.thueringen.de/bulletin
1591862400,3132,2830,171,653,98,98,https://corona.thueringen.de/bulletin
1591948800,3152,2840,174,654,99,99,https://corona.thueringen.de/bulletin
1592035200,3156,2850,174,654,99,99,https://corona.thueringen.de/bulletin
1592121600,3169,2860,174,656,100,100,https://corona.thueringen.de/bulletin
1592208000,3173,2860,174,659,100,100,https://corona.thueringen.de/bulletin
1592294400,3176,2870,175,659,100,100,https://corona.thueringen.de/bulletin
1592380800,3193,2890,178,664,100,100,https://corona.thueringen.de/bulletin
1592467200,3198,2890,178,666,100,100,https://corona.thueringen.de/bulletin
1592553600,3206,2920,178,668,100,100,https://corona.thueringen.de/bulletin
1592640000,3211,2930,178,668,100,100,https://corona.thueringen.de/bulletin
1592726400,3214,2940,178,670,100,100,https://corona.thueringen.de/bulletin
1592812800,3221,2950,178,670,100,100,https://corona.thueringen.de/bulletin
1592899200,3229,2960,178,674,101,101,https://corona.thueringen.de/bulletin
1592985600,3231,2970,178,675,101,101,https://corona.thueringen.de/bulletin
1593072000,3235,3000,178,677,101,101,https://corona.thueringen.de/bulletin
1593158400,3244,3000,181,680,102,102,https://corona.thueringen.de/bulletin
1593244800,3249,3020,181,682,102,102,https://corona.thueringen.de/bulletin
1593331200,3249,3020,181,682,102,102,https://corona.thueringen.de/bulletin
1593417600,3250,3020,181,682,102,102,https://corona.thueringen.de/bulletin
1593504000,3253,3030,181,685,102,102,https://corona.thueringen.de/bulletin
1593590400,3258,3040,181,686,102,102,https://corona.thueringen.de/bulletin
1593676800,3260,3050,181,687,102,102,https://corona.thueringen.de/bulletin
1593763200,3266,3060,181,688,102,102,https://corona.thueringen.de/bulletin
1593849600,3266,3060,181,688,102,102,https://corona.thueringen.de/bulletin
1593936000,3269,3060,181,691,102,102,https://corona.thueringen.de/bulletin
1594022400,3271,3070,181,691,102,102,https://corona.thueringen.de/bulletin
1594108800,3276,3070,181,692,102,102,https://corona.thueringen.de/bulletin
1594195200,3283,3070,182,693,102,102,https://corona.thueringen.de/bulletin
1594281600,3285,3070,182,694,102,102,https://corona.thueringen.de/bulletin
1594368000,3288,3080,182,695,102,102,https://corona.thueringen.de/bulletin
1594684800,3294,3090,182,696,102,102,https://twitter.com/SozialesTH
1594771200,3304,3100,182,698,102,102,https://twitter.com/SozialesTH
1594857600,3312,3100,182,700,102,102,https://twitter.com/SozialesTH
1594944000,3318,3100,182,701,102,102,https://twitter.com/SozialesTH
1595203200,3322,3120,182,702,102,102,https://twitter.com/SozialesTH
1595318400,3324,3120,182,703,418,102,https://www.tmasgff.de/covid-19/fallzahlen
1595404800,3325,3120,182,703,418,102,https://www.tmasgff.de/covid-19/fallzahlen
1595491200,3326,3130,182,703,418,102,https://www.tmasgff.de/covid-19/fallzahlen
1595577600,3338,3140,182,703,418,102,https://www.tmasgff.de/covid-19/fallzahlen
1595836800,3346,3140,182,703,418,102,https://www.tmasgff.de/covid-19/fallzahlen
1595923200,3351,3150,182,703,418,102,https://www.tmasgff.de/covid-19/fallzahlen
1596009600,3356,3150,182,705,420,102,https://www.tmasgff.de/covid-19/fallzahlen
1596096000,3357,3150,182,705,420,102,https://www.tmasgff.de/covid-19/fallzahlen
1596182400,3360,3160,182,706,420,102,https://www.tmasgff.de/covid-19/fallzahlen
1596441600,3370,3170,182,709,419,102,https://www.tmasgff.de/covid-19/fallzahlen
1596528000,3384,3170,182,712,419,102,https://www.tmasgff.de/covid-19/fallzahlen
1596614400,3389,3170,182,713,419,102,https://www.tmasgff.de/covid-19/fallzahlen
1596700800,3400,3180,182,716,420,102,https://www.tmasgff.de/covid-19/fallzahlen
1596787200,3412,3190,182,718,420,102,https://www.tmasgff.de/covid-19/fallzahlen
1597046400,3426,3200,183,719,420,102,https://www.tmasgff.de/covid-19/fallzahlen
1597132800,3431,3200,183,720,420,102,https://www.tmasgff.de/covid-19/fallzahlen
1597219200,3452,3200,184,721,420,102,https://www.tmasgff.de/covid-19/fallzahlen
1597305600,3463,3210,185,721,420,102,https://www.tmasgff.de/covid-19/fallzahlen
1597651200,3497,3230,186,724,421,103,https://www.tmasgff.de/covid-19/fallzahlen
1597737600,3504,3230,186,726,422,103,https://www.tmasgff.de/covid-19/fallzahlen
1597824000,3508,3240,186,727,423,103,https://www.tmasgff.de/covid-19/fallzahlen
1597910400,3522,3250,186,729,425,103,https://www.tmasgff.de/covid-19/fallzahlen
1597996800,3529,3260,186,731,426,103,https://www.tmasgff.de/covid-19/fallzahlen
1598256000,3552,3280,186,733,428,103,https://www.tmasgff.de/covid-19/fallzahlen
1598342400,3564,3290,186,735,429,103,https://www.tmasgff.de/covid-19/fallzahlen
1598428800,3570,3300,186,734,429,103,https://www.tmasgff.de/covid-19/fallzahlen
1598515200,3584,3310,186,735,429,103,https://www.tmasgff.de/covid-19/fallzahlen
1598601600,3591,3320,186,736,429,103,https://www.tmasgff.de/covid-19/fallzahlen
1598860800,3627,3340,186,737,430,104,https://www.tmasgff.de/covid-19/fallzahlen
1598947200,3636,3350,186,737,431,104,https://www.tmasgff.de/covid-19/fallzahlen
1599033600,3644,3360,186,738,431,104,https://www.tmasgff.de/covid-19/fallzahlen
1599120000,3652,3380,186,738,431,104,https://www.tmasgff.de/covid-19/fallzahlen
1599206400,3658,3380,186,738,430,104,https://www.tmasgff.de/covid-19/fallzahlen
1599465600,3690,3400,186,740,432,104,https://www.tmasgff.de/covid-19/fallzahlen
1599552000,3695,3420,187,741,433,104,https://www.tmasgff.de/covid-19/fallzahlen
1599638400,3700,3420,187,742,434,104,https://www.tmasgff.de/covid-19/fallzahlen
1599724800,3722,3440,188,742,434,104,https://www.tmasgff.de/covid-19/fallzahlen
1599811200,3745,3460,188,745,435,104,https://www.tmasgff.de/covid-19/fallzahlen
1600070400,3790,3490,188,752,436,104,https://www.tmasgff.de/covid-19/fallzahlen
1600156800,3815,3490,189,757,440,104,https://www.tmasgff.de/covid-19/fallzahlen
1600243200,3834,3500,189,753,440,104,https://www.tmasgff.de/covid-19/fallzahlen
1600329600,3865,3530,189,754,440,104,https://www.tmasgff.de/covid-19/fallzahlen
1600416000,3898,3540,189,755,442,104,https://www.tmasgff.de/covid-19/fallzahlen
1600675200,3938,3560,189,759,444,104,https://www.tmasgff.de/covid-19/fallzahlen
1600761600,3958,3580,189,762,445,104,https://www.tmasgff.de/covid-19/fallzahlen
1600848000,3965,3610,189,762,445,104,https://www.tmasgff.de/covid-19/fallzahlen
1600934400,4007,3630,190,764,445,104,https://www.tmasgff.de/covid-19/fallzahlen
1601020800,4024,3660,190,764,446,104,https://www.tmasgff.de/covid-19/fallzahlen
1601280000,4054,3710,190,770,451,105,https://www.tmasgff.de/covid-19/fallzahlen
1601366400,4056,3730,190,770,451,105,https://www.tmasgff.de/covid-19/fallzahlen
1601452800,4075,3760,191,770,451,105,https://www.tmasgff.de/covid-19/fallzahlen
1601539200,4106,3770,191,772,453,106,https://www.tmasgff.de/covid-19/fallzahlen
1601625600,4134,3800,191,775,454,106,https://www.tmasgff.de/covid-19/fallzahlen
1601884800,4205,3830,191,780,455,106,https://www.tmasgff.de/covid-19/fallzahlen
1601971200,4223,3840,191,782,457,106,https://www.tmasgff.de/covid-19/fallzahlen
1602057600,4241,3860,191,784,458,106,https://www.tmasgff.de/covid-19/fallzahlen
1602144000,4260,3870,191,787,461,106,https://www.tmasgff.de/covid-19/fallzahlen
1602230400,4322,3900,191,792,464,107,https://www.tmasgff.de/covid-19/fallzahlen
1602489600,4442,3940,191,802,471,107,https://www.tmasgff.de/covid-19/fallzahlen
1602576000,4488,3960,194,807,476,108,https://www.tmasgff.de/covid-19/fallzahlen
1602662400,4555,3980,196,815,481,109,https://www.tmasgff.de/covid-19/fallzahlen
1602748800,4636,4010,196,823,487,110,https://www.tmasgff.de/covid-19/fallzahlen
1602835200,4711,4050,196,825,488,110,https://www.tmasgff.de/covid-19/fallzahlen
1602921600,4793,4070,198,834,496,113,https://twitter.com/thueringende/status/1317406079114989570
1603006000,4881,4090,199,837,499,114,https://twitter.com/thueringende/status/1317777397442355200
1603094400,4913,4130,199,841,502,115,https://www.tmasgff.de/covid-19/fallzahlen
1603180800,5000,4170,201,846,504,115,https://www.tmasgff.de/covid-19/fallzahlen
1603267200,5098,4220,201,860,515,117,https://www.tmasgff.de/covid-19/fallzahlen
1603353600,5250,4250,201,872,525,118,https://www.tmasgff.de/covid-19/fallzahlen
1603440000,5394,4310,201,883,531,118,https://www.tmasgff.de/covid-19/fallzahlen
1603526400,5546,4370,202,896,540,119,https://www.tmasgff.de/covid-19/fallzahlen
1603616400,5802,4400,202,910,545,120,https://www.tmasgff.de/covid-19/fallzahlen
1603702800,5863,4480,203,920,552,120,https://www.tmasgff.de/covid-19/fallzahlen
1603789200,5938,4590,203,924,556,122,https://www.tmasgff.de/covid-19/fallzahlen
1603875600,6200,4690,203,935,561,122,https://www.tmasgff.de/covid-19/fallzahlen
1603962000,6383,4770,203,951,574,123,https://www.tmasgff.de/covid-19/fallzahlen
1604048400,6624,4870,204,978,589,125,https://www.tmasgff.de/covid-19/fallzahlen
1604134800,6951,4960,207,996,599,125,https://www.tmasgff.de/covid-19/fallzahlen
1604221200,7169,5040,208,1003,601,125,https://www.tmasgff.de/covid-19/fallzahlen
1604307600,7236,5160,208,1011,605,125,https://www.tmasgff.de/covid-19/fallzahlen
1604394000,7404,5260,210,1053,614,126,https://www.tmasgff.de/covid-19/fallzahlen
1604480400,7709,5450,212,1097,625,126,https://www.tmasgff.de/covid-19/fallzahlen
1604566800,8022,5610,217,1129,643,128,https://www.tmasgff.de/covid-19/fallzahlen
1604653200,8300,5820,217,1157,655,130,https://www.tmasgff.de/covid-19/fallzahlen
1604739600,8618,6060,218,1189,671,132,https://www.tmasgff.de/covid-19/fallzahlen
1604826000,8829,6190,219,1208,681,134,https://www.tmasgff.de/covid-19/fallzahlen
1604912400,8961,6380,220,1213,683,134,https://www.tmasgff.de/covid-19/fallzahlen
1604998800,9170,6630,224,1233,696,136,https://www.tmasgff.de/covid-19/fallzahlen
1605085200,9372,6840,228,1250,708,136,https://www.tmasgff.de/covid-19/fallzahlen
1605171600,9746,7030,234,1290,735,137,https://www.tmasgff.de/covid-19/fallzahlen
1605258000,10097,7240,240,1318,748,137,https://www.tmasgff.de/covid-19/fallzahlen
1605344400,10547,7410,247,1339,759,137,https://www.tmasgff.de/covid-19/fallzahlen
1605430800,10754,7410,254,1355,772,137,https://www.tmasgff.de/covid-19/fallzahlen
1605517200,10981,7760,254,1372,786,139,https://www.tmasgff.de/covid-19/fallzahlen
1605603600,11218,7980,264,1411,809,141,https://www.tmasgff.de/covid-19/fallzahlen
1605690000,11605,8240,269,1451,834,142,https://www.tmasgff.de/covid-19/fallzahlen
1605776400,12105,8460,278,1493,852,143,https://www.tmasgff.de/covid-19/fallzahlen
1605862800,12445,8680,282,1526,865,143,https://www.tmasgff.de/covid-19/fallzahlen
1605949200,13131,8910,289,1564,885,145,https://www.tmasgff.de/covid-19/fallzahlen
1606035600,13546,9090,293,1583,888,146,https://www.tmasgff.de/covid-19/fallzahlen
1606122000,13739,9340,296,1595,896,147,https://www.tmasgff.de/covid-19/fallzahlen
1606208400,14168,9630,310,1638,912,147,https://www.tmasgff.de/covid-19/fallzahlen
1606294800,14620,9930,319,1680,927,147,https://www.tmasgff.de/covid-19/fallzahlen
1606381200,15248,10260,327,1712,945,150,https://www.tmasgff.de/covid-19/fallzahlen
1606467600,15822,10630,340,1750,966,151,https://www.tmasgff.de/covid-19/fallzahlen
1606554000,16363,10930,345,1779,982,151,https://www.tmasgff.de/covid-19/fallzahlen
1606640400,16685,11190,346,1788,987,152,https://www.tmasgff.de/covid-19/fallzahlen
1606726800,16995,11580,347,1803,991,153,https://www.tmasgff.de/covid-19/fallzahlen
1606813200,17387,12030,360,1836,1007,153,https://www.tmasgff.de/covid-19/fallzahlen
1606899600,17858,12390,378,1882,1037,157,https://www.tmasgff.de/covid-19/fallzahlen
1606986000,18427,12790,394,1922,1055,157,https://www.tmasgff.de/covid-19/fallzahlen
1607072400,19462,13490,405,1986,1079,158,https://www.tmasgff.de/covid-19/fallzahlen
1607158800,20114,13920,414,2026,1091,160,https://www.tmasgff.de/covid-19/fallzahlen
1607245200,20488,14160,416,2045,1099,162,https://www.tmasgff.de/covid-19/fallzahlen
1607331600,20979,14520,424,2073,1109,164,https://www.tmasgff.de/covid-19/fallzahlen
1607418000,21437,14970,452,2148,1182,165,https://www.tmasgff.de/covid-19/fallzahlen
1607504400,22020,15380,467,2202,1209,165,https://www.tmasgff.de/covid-19/fallzahlen
1607590800,22857,15790,479,2243,1228,167,https://www.tmasgff.de/covid-19/fallzahlen
1607677200,23818,15790,497,2317,1256,169,https://www.tmasgff.de/covid-19/fallzahlen
1607763600,24811,16580,508,2369,1280,171,https://www.tmasgff.de/covid-19/fallzahlen
1607850000,25671,16920,512,2416,1310,193,https://www.tmasgff.de/covid-19/fallzahlen
1607936400,26159,16930,514,2449,1324,193,https://www.tmasgff.de/covid-19/fallzahlen
1608022800,26936,17860,539,2530,1355,195,https://www.tmasgff.de/covid-19/fallzahlen
1608109200,27728,18430,563,2601,1389,198,https://www.tmasgff.de/covid-19/fallzahlen
1608195600,29008,19010,596,2710,1436,200,https://www.tmasgff.de/covid-19/fallzahlen
1608282000,30275,19680,625,2812,1486,206,https://www.tmasgff.de/covid-19/fallzahlen
1608368400,31341,20220,666,2926,1529,215,https://www.tmasgff.de/covid-19/fallzahlen
1608454800,32176,20710,679,3039,1543,216,https://www.tmasgff.de/covid-19/fallzahlen
1608541200,32748,21420,683,3074,1556,217,https://www.tmasgff.de/covid-19/fallzahlen
1608627600,33617,22150,728,3159,1595,222,https://www.tmasgff.de/covid-19/fallzahlen
1608714000,34917,22870,757,3253,1640,227,https://www.tmasgff.de/covid-19/fallzahlen
1608800400,36265,23690,791,3308,1675,232,https://www.tmasgff.de/covid-19/fallzahlen
1608886800,37318,24420,805,3334,1638,232,https://www.tmasgff.de/covid-19/fallzahlen
1608973200,38137,25200,819,3384,1695,235,https://www.tmasgff.de/covid-19/fallzahlen
1609059600,38736,25690,828,3445,1741,242,https://www.tmasgff.de/covid-19/fallzahlen
1609146000,39100,26560,836,3528,1785,251,https://www.tmasgff.de/covid-19/fallzahlen
1609232400,39644,27340,907,3613,1785,259,https://www.tmasgff.de/covid-19/fallzahlen
1609318800,40653,28370,957,3752,1785,265,https://www.tmasgff.de/covid-19/fallzahlen
1609405200,42030,29350,995,3869,2008,267,https://www.tmasgff.de/covid-19/fallzahlen
1609491600,43273,30210,1012,3932,2040,270,https://www.tmasgff.de/covid-19/fallzahlen
1609578000,43870,30930,1027,3969,2058,272,https://www.tmasgff.de/covid-19/fallzahlen
1609664400,44361,31550,1030,4028,2098,276,https://www.tmasgff.de/covid-19/fallzahlen
1609750800,44691,32350,1054,4085,2125,282,https://www.tmasgff.de/covid-19/fallzahlen
1609837200,45107,33140,1110,4165,2186,288,https://www.tmasgff.de/covid-19/fallzahlen
1609923600,46280,34100,1168,4308,2276,294,https://www.tmasgff.de/covid-19/fallzahlen
1610010000,47571,35100,1216,4389,2322,297,https://www.tmasgff.de/covid-19/fallzahlen
1610096400,49040,35870,1257,4488,2388,308,https://www.tmasgff.de/covid-19/fallzahlen
1610182800,50297,36670,1298,4533,2453,311,https://www.tmasgff.de/covid-19/fallzahlen
1610269200,51267,37190,1322,4597,2504,312,https://www.tmasgff.de/covid-19/fallzahlen
1610355600,51601,37990,1354,4626,2589,314,https://www.tmasgff.de/covid-19/fallzahlen
1610442000,52311,38890,1409,4644,2679,316,https://www.tmasgff.de/covid-19/fallzahlen
1610528400,53527,40000,1468,4742,2735,321,https://www.tmasgff.de/covid-19/fallzahlen
1610614800,54631,41010,1505,4825,2775,324,https://www.tmasgff.de/covid-19/fallzahlen
1610701200,55636,41460,1556,4811,2840,327,https://www.tmasgff.de/covid-19/fallzahlen
1610787600,56534,42240,1611,4857,2899,310,https://www.tmasgff.de/covid-19/fallzahlen
1610874000,57251,42910,1633,4884,2934,311,https://www.tmasgff.de/covid-19/fallzahlen
1610960400,57590,43830,1639,4908,2971,313,https://www.tmasgff.de/covid-19/fallzahlen
1611046800,58021,44990,1676,4973,3012,320,https://www.tmasgff.de/covid-19/fallzahlen
1611133200,58807,46150,1733,5088,3092,325,https://www.tmasgff.de/covid-19/fallzahlen
1611219600,59739,47140,1808,5188,3156,332,https://www.tmasgff.de/covid-19/fallzahlen
1611306000,60616,48240,1873,5264,3215,375,https://www.tmasgff.de/covid-19/fallzahlen
1611392400,61291,48820,1901,5331,3270,332,https://www.tmasgff.de/covid-19/fallzahlen
1611478800,61899,49390,1913,5374,3290,333,https://www.tmasgff.de/covid-19/fallzahlen
1611565200,62103,50180,1936,5413,3330,337,https://www.tmasgff.de/covid-19/fallzahlen
1611651600,62372,51110,1992,5486,3376,340,https://www.tmasgff.de/covid-19/fallzahlen
1611738000,63043,52080,2028,5552,3416,344,https://www.tmasgff.de/covid-19/fallzahlen
1611824400,63663,52810,2067,5650,3479,349,https://www.tmasgff.de/covid-19/fallzahlen
1611910800,64381,53470,2121,5724,3529,355,https://www.tmasgff.de/covid-19/fallzahlen
1611997200,64921,54100,2163,5775,3566,359,https://www.tmasgff.de/covid-19/fallzahlen
1612083600,65410,54630,2187,5799,3575,361,https://www.tmasgff.de/covid-19/fallzahlen
1612170000,65575,55300,2193,5815,3581,364,https://www.tmasgff.de/covid-19/fallzahlen
1612256400,65796,55960,2229,5887,3637,370,https://www.tmasgff.de/covid-19/fallzahlen
1612342800,66335,56610,2259,5952,3676,373,https://www.tmasgff.de/covid-19/fallzahlen
1612429200,67100,57550,2285,6013,3701,376,https://www.tmasgff.de/covid-19/fallzahlen
1612515600,67728,58400,2321,6083,3740,384,https://www.tmasgff.de/covid-19/fallzahlen
1612602000,68211,58910,2350,6148,3778,387,https://www.tmasgff.de/covid-19/fallzahlen
1612688400,68446,59410,2357,6173,3794,388,https://www.tmasgff.de/covid-19/fallzahlen
1612774800,68624,59850,2364,6200,3810,389,https://www.tmasgff.de/covid-19/fallzahlen
1612861200,68839,60540,2391,6237,3836,391,https://www.tmasgff.de/covid-19/fallzahlen
1612947600,69158,61140,2430,6317,3905,396,https://www.tmasgff.de/covid-19/fallzahlen
1613034000,69483,61770,2462,6389,3958,403,https://www.tmasgff.de/covid-19/fallzahlen
1613120400,70041,62250,2537,6449,4000,406,https://www.tmasgff.de/covid-19/fallzahlen
1613206800,70465,62760,2564,6490,4033,407,https://www.tmasgff.de/covid-19/fallzahlen
1613293200,70755,63110,2576,6533,4049,409,https://www.tmasgff.de/covid-19/fallzahlen
1613379600,70952,63590,2588,6558,4059,410,https://www.tmasgff.de/covid-19/fallzahlen
1613466000,71180,64110,2614,6636,4079,413,https://www.tmasgff.de/covid-19/fallzahlen
1613552400,71669,64560,2655,6686,4132,416,https://www.tmasgff.de/covid-19/fallzahlen
1613638800,72182,64980,2683,6744,4146,421,https://www.tmasgff.de/covid-19/fallzahlen
1613725200,72656,65330,2702,6818,4167,423,https://www.tmasgff.de/covid-19/fallzahlen
1613811600,73153,65660,2731,6879,4193,425,https://www.tmasgff.de/covid-19/fallzahlen
1613898000,73496,65860,2741,6916,4205,425,https://www.tmasgff.de/covid-19/fallzahlen
1613984400,73706,66240,2742,6934,4210,427,https://www.tmasgff.de/covid-19/fallzahlen
1614070800,73828,66580,2764,6973,4236,430,https://www.tmasgff.de/covid-19/fallzahlen
1614157200,74297,66940,2779,7042,4275,436,https://www.tmasgff.de/covid-19/fallzahlen
1614243600,74879,67280,2810,7093,4300,440,https://www.tmasgff.de/covid-19/fallzahlen
1614330000,75424,67730,2826,7137,4328,442,https://www.tmasgff.de/covid-19/fallzahlen
1614416400,75940,68110,2846,7186,4365,447,https://www.tmasgff.de/covid-19/fallzahlen
1614502800,76285,68360,2858,7209,4373,448,https://www.tmasgff.de/covid-19/fallzahlen
1614589200,76445,68750,2863,7221,4380,448,https://www.tmasgff.de/covid-19/fallzahlen
1614675600,76630,69230,2879,7261,4400,448,https://www.tmasgff.de/covid-19/fallzahlen
1614762000,77104,69660,2900,7301,4432,457,https://www.tmasgff.de/covid-19/fallzahlen
1614848400,77793,70050,2916,7349,4459,461,https://www.tmasgff.de/covid-19/fallzahlen
1614934800,78319,70420,2929,7386,4481,464,https://www.tmasgff.de/covid-19/fallzahlen
1615021200,78784,70840,2941,7427,4506,466,https://www.tmasgff.de/covid-19/fallzahlen
1615107600,79212,71090,2943,7441,4510,466,https://www.tmasgff.de/covid-19/fallzahlen
1615194000,79406,71430,2945,7452,4518,466,https://www.tmasgff.de/covid-19/fallzahlen
1615280400,79620,71800,2972,7502,4553,469,https://www.tmasgff.de/covid-19/fallzahlen
1615366800,80105,72210,3006,7570,4605,477,https://www.tmasgff.de/covid-19/fallzahlen
1615453200,80875,72670,3028,7610,4646,480,https://www.tmasgff.de/covid-19/fallzahlen
1615539600,81539,73170,3044,7633,4659,480,https://www.tmasgff.de/covid-19/fallzahlen
1615626000,82128,73490,3062,7671,4681,482,https://www.tmasgff.de/covid-19/fallzahlen
1615712400,82760,73750,3064,7700,4698,482,https://www.tmasgff.de/covid-19/fallzahlen
1615798800,83060,74210,3070,7715,4709,483,https://www.tmasgff.de/covid-19/fallzahlen
1615885200,83268,74660,3095,7727,4733,486,https://www.tmasgff.de/covid-19/fallzahlen
1615971600,83947,75140,3126,7765,4772,490,https://www.tmasgff.de/covid-19/fallzahlen
1616058000,84863,75560,3150,7801,4793,495,https://www.tmasgff.de/covid-19/fallzahlen
1616144400,85712,75980,3160,7845,4824,498,https://www.tmasgff.de/covid-19/fallzahlen
1616230800,86580,76380,3187,7895,4870,500,https://www.tmasgff.de/covid-19/fallzahlen
1616317200,87278,76710,3194,7935,4889,503,https://www.tmasgff.de/covid-19/fallzahlen
1616403600,87590,77180,3198,7962,4905,504,https://www.tmasgff.de/covid-19/fallzahlen
1616490000,87816,77610,3221,8012,4927,511,https://www.tmasgff.de/covid-19/fallzahlen
1616576400,88731,78180,3244,8099,4990,519,https://www.tmasgff.de/covid-19/fallzahlen
1616662800,89761,78680,3257,8156,5024,525,https://www.tmasgff.de/covid-19/fallzahlen
1616749200,90640,79200,3272,8188,5050,529,https://www.tmasgff.de/covid-19/fallzahlen
1616832000,91398,79700,3281,8220,5074,532,https://www.tmasgff.de/covid-19/fallzahlen
1616918400,92342,80110,3292,8259,5102,536,https://www.tmasgff.de/covid-19/fallzahlen
1617004800,92706,80720,3297,8291,5121,536,https://www.tmasgff.de/covid-19/fallzahlen
1617091200,93148,81380,3310,8332,5149,541,https://www.tmasgff.de/covid-19/fallzahlen
1617177600,94104,82050,3326,8420,5206,545,https://www.tmasgff.de/covid-19/fallzahlen
1617264000,95397,82680,3338,8486,5251,547,https://www.tmasgff.de/covid-19/fallzahlen
1617350400,96265,83240,3368,8547,5286,549,https://www.tmasgff.de/covid-19/fallzahlen
1617436800,97013,83840,3375,8596,5312,553,https://www.tmasgff.de/covid-19/fallzahlen
1617523200,97476,84330,3386,8631,5334,556,https://www.tmasgff.de/covid-19/fallzahlen
1617696000,97992,85560,3394,8680,5363,560,https://www.tmasgff.de/covid-19/fallzahlen
1617782400,98297,86350,3411,8736,5406,564,https://www.tmasgff.de/covid-19/fallzahlen
1617868800,99351,87050,3445,8807,5456,571,https://www.tmasgff.de/covid-19/fallzahlen
1617955200,100419,87750,3455,8884,5509,577,https://www.tmasgff.de/covid-19/fallzahlen
1618041600,101518,88450,3480,8969,5571,581,https://www.tmasgff.de/covid-19/fallzahlen
1618128000,102260,89050,3484,9013,5606,586,https://www.tmasgff.de/covid-19/fallzahlen
1618214400,102704,89670,3502,9042,5616,587,https://www.tmasgff.de/covid-19/fallzahlen
1618300800,103095,90450,3525,9100,5661,596,https://www.tmasgff.de/covid-19/fallzahlen
1618387200,103971,91250,3555,9186,5726,604,https://www.tmasgff.de/covid-19/fallzahlen
1618473600,105161,92020,3584,9272,5780,605,https://www.tmasgff.de/covid-19/fallzahlen
1618560000,106200,92860,3608,9329,5824,612,https://www.tmasgff.de/covid-19/fallzahlen
1618646400,107057,93450,3642,9398,5875,619,https://www.tmasgff.de/covid-19/fallzahlen
1618732800,107681,93990,3642,9423,5891,619,https://www.tmasgff.de/covid-19/fallzahlen
1618819200,107955,94520,3645,9444,5901,619,https://www.tmasgff.de/covid-19/fallzahlen
1618905600,108415,95200,3664,9512,6004,627,https://www.tmasgff.de/covid-19/fallzahlen
1618992000,109280,96050,3678,9547,6046,626,https://www.tmasgff.de/covid-19/fallzahlen
1619078400,110361,96870,3689,9600,6097,635,https://www.tmasgff.de/covid-19/fallzahlen
1619164800,111150,97550,3702,9646,6134,639,https://www.tmasgff.de/covid-19/fallzahlen
1619251200,111867,98360,3736,9735,6186,617,https://www.tmasgff.de/covid-19/fallzahlen
1619337600,112534,98910,3741,9775,6216,621,https://www.tmasgff.de/covid-19/fallzahlen
1619424000,112873,99600,3741,9787,6226,622,https://www.tmasgff.de/covid-19/fallzahlen
1619510400,113317,100420,3752,9878,6276,628,https://www.tmasgff.de/covid-19/fallzahlen
1619596800,114276,101370,3776,9933,6320,633,https://www.tmasgff.de/covid-19/fallzahlen
1619683200,115166,102100,3790,9986,6359,637,https://www.tmasgff.de/covid-19/fallzahlen
1619769600,115916,102840,3813,10054,6418,646,https://www.tmasgff.de/covid-19/fallzahlen
1619856000,116911,103450,3837,10110,6451,656,https://www.tmasgff.de/covid-19/fallzahlen
1619942400,117481,104040,3845,10162,6485,664,https://www.tmasgff.de/covid-19/fallzahlen
1620028800,117844,104690,3861,10179,6497,667,https://www.tmasgff.de/covid-19/fallzahlen
1620115200,118178,104690,3888,10229,6532,678,https://www.tmasgff.de/covid-19/fallzahlen
1620201600,118945,106180,3889,10291,6576,671,https://www.tmasgff.de/covid-19/fallzahlen
1620288000,119733,106940,3899,10335,6605,676,https://www.tmasgff.de/covid-19/fallzahlen
1620374400,120380,107260,3915,10335,6646,688,https://www.tmasgff.de/covid-19/fallzahlen
1620460800,120935,108320,3938,10430,6681,693,https://www.tmasgff.de/covid-19/fallzahlen
1620547200,121393,108750,3956,10448,6692,696,https://www.tmasgff.de/covid-19/fallzahlen
1620633600,121640,109440,3960,10457,6695,696,https://www.tmasgff.de/covid-19/fallzahlen
1620720000,121994,110130,3984,10530,6738,704,https://www.tmasgff.de/covid-19/fallzahlen
1620806400,122664,110920,3995,10580,6774,709,https://www.tmasgff.de/covid-19/fallzahlen
1620892800,123317,111490,4032,10648,6829,736,https://www.tmasgff.de/covid-19/fallzahlen
1620979200,123685,112170,4032,10660,6836,736,https://www.tmasgff.de/covid-19/fallzahlen
1621065600,123942,112690,4051,10692,6873,744,https://www.tmasgff.de/covid-19/fallzahlen
1621152000,124283,113060,4055,10721,6890,744,https://www.tmasgff.de/covid-19/fallzahlen
1621238400,124412,113660,4058,10726,6897,743,https://www.tmasgff.de/covid-19/fallzahlen
1621324800,124653,114280,4092,10764,6926,748,https://www.tmasgff.de/covid-19/fallzahlen
1621411200,125199,114870,4105,10833,6969,763,https://www.tmasgff.de/covid-19/fallzahlen
1621497600,125678,115440,4120,10885,7007,771,https://www.tmasgff.de/covid-19/fallzahlen
1621584000,125981,115990,4134,10914,7038,781,https://www.tmasgff.de/covid-19/fallzahlen
1621670400,126214,116460,4138,10955,7073,786,https://www.tmasgff.de/covid-19/fallzahlen
1621756800,126424,116810,4145,10975,7090,788,https://www.tmasgff.de/covid-19/fallzahlen
1621843200,126476,117330,4148,10982,7098,792,https://www.tmasgff.de/covid-19/fallzahlen
1621929600,126543,117960,4148,10984,7105,794,https://www.tmasgff.de/covid-19/fallzahlen
1622016000,126709,118480,4165,11013,7127,796,https://www.tmasgff.de/covid-19/fallzahlen
1622102400,126956,118960,4176,11047,7151,799,https://www.tmasgff.de/covid-19/fallzahlen
1622188800,127182,119410,4189,11080,7189,807,https://www.tmasgff.de/covid-19/fallzahlen
1622275200,127357,119770,4199,11097,7209,810,https://www.tmasgff.de/covid-19/fallzahlen
1622361600,127480,120130,4202,11104,7214,810,https://www.tmasgff.de/covid-19/fallzahlen
1622448000,127500,120490,4202,11108,7219,809,https://www.tmasgff.de/covid-19/fallzahlen
1622534400,127598,120980,4217,11135,7243,811,https://www.tmasgff.de/covid-19/fallzahlen
1622620800,127754,121300,4224,11148,7257,813,https://www.tmasgff.de/covid-19/fallzahlen
1622707200,127832,121580,4228,11154,7263,815,https://www.tmasgff.de/covid-19/fallzahlen
1622793600,127923,121790,4245,11167,7284,820,https://www.tmasgff.de/covid-19/fallzahlen
1622880000,128032,121930,4256,11122,7305,820,https://www.tmasgff.de/covid-19/fallzahlen
1622966400,128120,122130,4256,11124,7307,820,https://www.tmasgff.de/covid-19/fallzahlen
1623052800,128134,122300,4258,11125,7308,820,https://www.tmasgff.de/covid-19/fallzahlen
1623139200,128185,122520,4260,11132,7331,821,https://www.tmasgff.de/covid-19/fallzahlen
1623225600,128262,122710,4261,11141,7337,820,https://www.tmasgff.de/covid-19/fallzahlen
1623312000,128335,122860,4268,11159,7356,822,https://www.tmasgff.de/covid-19/fallzahlen
1623398400,128388,123000,4271,11170,7372,824,https://www.tmasgff.de/covid-19/fallzahlen
1623484800,128437,123180,4283,11168,7385,830,https://www.tmasgff.de/covid-19/fallzahlen
1623571200,128478,123240,4285,11163,7403,832,https://www.tmasgff.de/covid-19/fallzahlen
1623657600,128489,123340,4286,11162,7403,832,https://www.tmasgff.de/covid-19/fallzahlen
1623744000,128501,123470,4300,11179,7412,833,https://www.tmasgff.de/covid-19/fallzahlen
1623830400,128546,123580,4303,11189,7420,834,https://www.tmasgff.de/covid-19/fallzahlen
1623916800,128579,123660,4307,11201,7425,835,https://www.tmasgff.de/covid-19/fallzahlen
1624003200,128598,123660,4311,11208,7431,836,https://www.tmasgff.de/covid-19/fallzahlen
1624089600,128624,123850,4312,11215,7437,836,https://www.tmasgff.de/covid-19/fallzahlen
1624176000,128642,123890,4312,11218,7438,836,https://www.tmasgff.de/covid-19/fallzahlen
1624262400,128647,123930,4312,11218,7438,836,https://www.tmasgff.de/covid-19/fallzahlen
1624348800,128669,124020,4316,11233,7449,838,https://www.tmasgff.de/covid-19/fallzahlen
1624435200,128692,124080,4319,11240,7452,839,https://www.tmasgff.de/covid-19/fallzahlen
1624521600,128709,124130,4320,11245,7461,838,https://www.tmasgff.de/covid-19/fallzahlen
1624608000,128727,124190,4323,11253,7467,838,https://www.tmasgff.de/covid-19/fallzahlen
1624694400,128736,124250,4326,11259,7477,842,https://www.tmasgff.de/covid-19/fallzahlen
1624780800,128739,124270,4327,11260,7477,842,https://www.tmasgff.de/covid-19/fallzahlen
1624867200,128741,124310,4327,11260,7477,842,https://www.tmasgff.de/covid-19/fallzahlen
1624953600,128747,124320,4332,11264,7482,844,https://www.tmasgff.de/covid-19/fallzahlen
1625040000,128763,124330,4333,11267,7480,844,https://www.tmasgff.de/covid-19/fallzahlen
1625126400,128777,124350,4335,11272,7486,844,https://www.tmasgff.de/covid-19/fallzahlen
1625212800,128783,124360,4338,11274,7492,846,https://www.tmasgff.de/covid-19/fallzahlen
1625299200,128798,124440,4340,11288,7515,862,https://www.tmasgff.de/covid-19/fallzahlen
1625385600,128804,124440,4340,11288,7515,862,https://www.tmasgff.de/covid-19/fallzahlen
1625472000,128805,124460,4340,11286,7515,865,https://www.tmasgff.de/covid-19/fallzahlen
1625558400,128810,124490,4341,11192,7515,864,https://www.tmasgff.de/covid-19/fallzahlen
1625644800,128819,124490,4344,11193,7517,864,https://www.tmasgff.de/covid-19/fallzahlen
1625731200,128828,124220,4345,11196,7523,864,https://www.tmasgff.de/covid-19/fallzahlen
1625817600,128840,124290,4350,11197,7523,864,https://www.tmasgff.de/covid-19/fallzahlen
1625904000,128849,124320,4354,11207,7531,864,https://www.tmasgff.de/covid-19/fallzahlen
1625990400,128853,124330,4354,11208,7531,864,https://www.tmasgff.de/covid-19/fallzahlen
1626076800,128857,124340,4354,11208,7531,864,https://www.tmasgff.de/covid-19/fallzahlen
1626163200,128864,124350,4357,11205,7532,863,https://www.tmasgff.de/covid-19/fallzahlen
1626249600,128888,124360,4357,11206,7532,863,https://www.tmasgff.de/covid-19/fallzahlen
1626336000,128901,124370,4359,11209,7535,863,https://www.tmasgff.de/covid-19/fallzahlen
1626422400,128926,124380,4360,11213,7535,863,https://www.tmasgff.de/covid-19/fallzahlen
1626508800,128944,124400,4360,11215,7538,863,https://www.tmasgff.de/covid-19/fallzahlen
1626595200,128945,124400,4360,11215,7538,863,https://www.tmasgff.de/covid-19/fallzahlen
1626681600,128951,124400,4360,11215,7538,863,https://www.tmasgff.de/covid-19/fallzahlen
1626768000,128967,124400,4362,11215,7543,863,https://www.tmasgff.de/covid-19/fallzahlen
1626854400,128998,124400,4362,11216,7544,863,https://www.tmasgff.de/covid-19/fallzahlen
1626940800,129011,124400,4362,11223,7546,864,https://www.tmasgff.de/covid-19/fallzahlen
1627027200,129026,124400,4362,11231,7551,865,https://www.tmasgff.de/covid-19/fallzahlen
1627113600,129074,124410,4363,11227,7554,865,https://www.tmasgff.de/covid-19/fallzahlen
1627200000,129082,124410,4363,11227,7554,865,https://www.tmasgff.de/covid-19/fallzahlen
1627286400,129085,124420,4363,11227,7554,865,https://www.tmasgff.de/covid-19/fallzahlen
1627372800,129130,124460,4376,11231,7556,867,https://www.tmasgff.de/covid-19/fallzahlen
1627459200,129160,124460,4379,11233,7556,867,https://www.tmasgff.de/covid-19/fallzahlen
1627545600,129179,124460,4380,11232,7558,868,https://www.tmasgff.de/covid-19/fallzahlen
1627632000,129203,124480,4381,11235,7561,869,https://www.tmasgff.de/covid-19/fallzahlen
1627718400,129211,124490,4381,11236,7563,869,https://www.tmasgff.de/covid-19/fallzahlen
1627804800,129232,124500,4381,11236,7563,869,https://www.tmasgff.de/covid-19/fallzahlen
1627891200,129238,124520,4381,11236,7632,869,https://www.tmasgff.de/covid-19/fallzahlen
1627977600,129263,124520,4382,11236,7563,869,https://www.tmasgff.de/covid-19/fallzahlen
1628064000,129297,124540,4382,11238,7634,870,https://www.tmasgff.de/covid-19/fallzahlen
1628150400,129329,124580,4382,11237,7567,871,https://www.tmasgff.de/covid-19/fallzahlen
1628236800,129342,124600,4384,11238,7570,869,https://www.tmasgff.de/covid-19/fallzahlen
1628323200,129370,124620,4384,11242,7571,869,https://www.tmasgff.de/covid-19/fallzahlen
1628409600,129379,124620,4384,11243,7572,869,https://www.tmasgff.de/covid-19/fallzahlen
1628496000,129386,124640,4384,11245,7573,869,https://www.tmasgff.de/covid-19/fallzahlen
1628582400,129408,124660,4386,11247,7575,869,https://www.tmasgff.de/covid-19/fallzahlen
1628668800,129444,124670,4387,11253,7578,869,https://www.tmasgff.de/covid-19/fallzahlen
1628755200,129474,124690,4388,11257,7581,869,https://www.tmasgff.de/covid-19/fallzahlen
1628841600,129509,124720,4389,11259,7584,869,https://www.tmasgff.de/covid-19/fallzahlen
1628928000,129541,124730,4389,11261,7587,869,https://www.tmasgff.de/covid-19/fallzahlen
1629014400,129556,124730,4390,11262,7588,869,https://www.tmasgff.de/covid-19/fallzahlen
1629100800,129560,124760,4390,11262,7588,869,https://www.tmasgff.de/covid-19/fallzahlen
1629187200,129597,124780,4390,11266,7590,869,https://www.tmasgff.de/covid-19/fallzahlen
1629273600,129687,124800,4390,11267,7589,869,https://www.tmasgff.de/covid-19/fallzahlen
1629360000,129719,124810,4391,11271,7591,870,https://www.tmasgff.de/covid-19/fallzahlen
1629446400,129773,124830,4392,11265,7595,872,https://www.tmasgff.de/covid-19/fallzahlen
1629532800,129819,124840,4392,11270,7597,872,https://www.tmasgff.de/covid-19/fallzahlen
1629619200,129843,124840,4392,11272,7598,872,https://www.tmasgff.de/covid-19/fallzahlen
1629705600,129849,124840,4392,11273,7599,872,https://www.tmasgff.de/covid-19/fallzahlen
1629792000,129898,124840,4393,11277,7603,872,https://www.tmasgff.de/covid-19/fallzahlen
1629878400,130001,124920,4394,11281,7605,872,https://www.tmasgff.de/covid-19/fallzahlen
1629964800,130099,124950,4394,11285,7607,872,https://www.tmasgff.de/covid-19/fallzahlen
1630051200,130193,124980,4395,11292,7613,873,https://www.tmasgff.de/covid-19/fallzahlen
1630137600,130270,125000,4395,11298,7616,873,https://www.tmasgff.de/covid-19/fallzahlen
1630224000,130337,125010,4395,11301,7618,873,https://www.tmasgff.de/covid-19/fallzahlen
1630310400,130342,125080,4395,11302,7618,873,https://www.tmasgff.de/covid-19/fallzahlen
1630396800,130446,125130,4395,11310,7622,876,https://www.tmasgff.de/covid-19/fallzahlen
1630483200,130590,125160,4395,11319,7629,877,https://www.tmasgff.de/covid-19/fallzahlen
1630569600,130729,125160,4395,11327,7633,877,https://www.tmasgff.de/covid-19/fallzahlen
1630656000,130831,125250,4396,11339,7638,879,https://www.tmasgff.de/covid-19/fallzahlen
1630742400,130966,125280,4397,11345,7645,880,https://www.tmasgff.de/covid-19/fallzahlen
1630828800,131046,125320,4397,11350,7647,880,https://www.tmasgff.de/covid-19/fallzahlen
1630915200,131069,125380,4397,11350,7647,880,https://www.tmasgff.de/covid-19/fallzahlen
1631001600,131182,125460,4397,11358,7650,880,https://www.tmasgff.de/covid-19/fallzahlen
1631088000,131428,125490,4397,11365,7655,883,https://www.tmasgff.de/covid-19/fallzahlen
1631174400,131615,125540,4397,11376,7661,883,https://www.tmasgff.de/covid-19/fallzahlen
1631260800,131789,125610,4397,11383,7675,884,https://www.tmasgff.de/covid-19/fallzahlen
1631347200,131963,125670,4398,11389,7680,885,https://www.tmasgff.de/covid-19/fallzahlen
1631433600,132055,125730,4398,11392,7683,885,https://www.tmasgff.de/covid-19/fallzahlen
1631520000,132089,125820,4398,11392,7683,885,https://www.tmasgff.de/covid-19/fallzahlen
1631606400,132251,125890,4399,11398,7688,885,https://www.tmasgff.de/covid-19/fallzahlen
1631692800,132511,125950,4400,11403,7691,887,https://www.tmasgff.de/covid-19/fallzahlen
1631779200,132722,126050,4400,11410,7695,888,https://www.tmasgff.de/covid-19/fallzahlen
1631865600,132957,126130,4400,11423,7704,888,https://www.tmasgff.de/covid-19/fallzahlen
1631952000,133108,126230,4400,11429,7707,888,https://www.tmasgff.de/covid-19/fallzahlen
1632038400,133271,126280,4400,11432,7709,888,https://www.tmasgff.de/covid-19/fallzahlen
1632124800,133354,126390,4400,11436,7709,888,https://www.tmasgff.de/covid-19/fallzahlen
1632211200,133375,126670,4400,11442,7712,889,https://www.tmasgff.de/covid-19/fallzahlen
1632297600,133475,126670,4401,11442,7712,889,https://www.tmasgff.de/covid-19/fallzahlen
1632384000,133763,126770,4402,11462,7732,893,https://www.tmasgff.de/covid-19/fallzahlen
1632470400,134076,126880,4406,11476,7741,894,https://www.tmasgff.de/covid-19/fallzahlen
1632556800,134299,126980,4406,11485,7749,893,https://www.tmasgff.de/covid-19/fallzahlen
1632643200,134497,127060,4406,11494,7751,894,https://www.tmasgff.de/covid-19/fallzahlen
1632729600,134538,127170,4406,11495,7753,894,https://www.tmasgff.de/covid-19/fallzahlen
1632816000,134695,127280,4411,11516,7771,896,https://www.tmasgff.de/covid-19/fallzahlen
1632902400,135011,127450,4411,11542,7789,896,https://www.tmasgff.de/covid-19/fallzahlen
1632988800,135382,127600,4414,11542,7789,896,https://www.tmasgff.de/covid-19/fallzahlen
1633075200,135710,127750,4415,11555,7794,899,https://www.tmasgff.de/covid-19/fallzahlen
1633161600,135946,127870,4415,11561,7797,901,https://www.tmasgff.de/covid-19/fallzahlen
1633248000,136116,127950,4415,11566,7800,901,https://www.tmasgff.de/covid-19/fallzahlen
1633334400,136191,128130,4415,11573,7804,901,https://www.tmasgff.de/covid-19/fallzahlen
1633420800,136368,128320,4416,11594,7817,904,https://www.tmasgff.de/covid-19/fallzahlen
1633507200,136746,128500,4418,11619,7835,908,https://www.tmasgff.de/covid-19/fallzahlen
1633593600,137199,128650,4423,11638,7847,911,https://www.tmasgff.de/covid-19/fallzahlen
1633680000,137632,128790,4426,11656,7864,915,https://www.tmasgff.de/covid-19/fallzahlen
1633766400,137942,128950,4426,11681,7874,916,https://www.tmasgff.de/covid-19/fallzahlen
1633852800,138231,129070,4426,11686,7875,916,https://www.tmasgff.de/covid-19/fallzahlen
1633939200,138277,129230,4426,11691,7878,916,https://www.tmasgff.de/covid-19/fallzahlen
1634025600,138529,129480,4430,11716,7897,919,https://www.tmasgff.de/covid-19/fallzahlen
1634112000,139051,129660,4434,11744,7915,925,https://www.tmasgff.de/covid-19/fallzahlen
1634198400,139588,129860,4435,11755,7926,928,https://www.tmasgff.de/covid-19/fallzahlen
1634284800,140236,130040,4435,11771,7936,931,https://www.tmasgff.de/covid-19/fallzahlen
1634371200,140779,130240,4436,11790,7950,937,https://www.tmasgff.de/covid-19/fallzahlen
1634457600,141173,130350,4436,11798,7952,938,https://www.tmasgff.de/covid-19/fallzahlen
1634544000,141306,130590,4436,11811,7962,938,https://www.tmasgff.de/covid-19/fallzahlen
1634630400,141724,130780,4443,11853,7983,942,https://www.tmasgff.de/covid-19/fallzahlen
1634716800,142624,131030,4449,11889,8007,944,https://www.tmasgff.de/covid-19/fallzahlen
1634803200,143394,131310,4450,11924,8029,945,https://www.tmasgff.de/covid-19/fallzahlen
1634889600,144434,131540,4460,11955,8051,950,https://www.tmasgff.de/covid-19/fallzahlen
1634976000,145238,131810,4460,11993,8076,955,https://www.tmasgff.de/covid-19/fallzahlen
1635062400,145904,132080,4461,12011,8087,955,https://www.tmasgff.de/covid-19/fallzahlen
1635148800,146156,132360,4462,12020,8092,957,https://www.tmasgff.de/covid-19/fallzahlen
1635235200,146887,132720,4466,12085,8141,963,https://www.tmasgff.de/covid-19/fallzahlen
1635321600,147890,133040,4476,12140,8177,976,https://www.tmasgff.de/covid-19/fallzahlen
1635408000,149146,133430,4484,12196,8213,980,https://www.tmasgff.de/covid-19/fallzahlen
1635494400,150709,133820,4500,12267,8261,983,https://www.tmasgff.de/covid-19/fallzahlen
1635580800,151737,134230,4507,12315,8291,988,https://www.tmasgff.de/covid-19/fallzahlen
1635670800,152495,134600,4509,12335,8308,992,https://www.tmasgff.de/covid-19/fallzahlen
1635757200,152813,135130,4510,12353,8322,992,https://www.tmasgff.de/covid-19/fallzahlen
1635843600,153609,135610,4522,12400,8353,997,https://www.tmasgff.de/covid-19/fallzahlen
1635930000,155291,136150,4541,12507,8424,1010,https://www.tmasgff.de/covid-19/fallzahlen
1636016400,157147,136640,4548,12591,8473,1024,https://www.tmasgff.de/covid-19/fallzahlen
1636102800,159091,137190,4560,12671,8533,1035,https://www.tmasgff.de/covid-19/fallzahlen
1636189200,160564,137720,4566,12725,8575,1042,https://www.tmasgff.de/covid-19/fallzahlen
1636275600,161602,138250,4567,12752,8594,1042,https://www.tmasgff.de/covid-19/fallzahlen
1636362000,162057,138770,4570,12778,8611,1047,https://www.tmasgff.de/covid-19/fallzahlen
1636448400,163227,139440,4586,12866,8672,1058,https://www.tmasgff.de/covid-19/fallzahlen
1636534800,165247,140020,4621,12985,8748,1071,https://www.tmasgff.de/covid-19/fallzahlen
1636621200,167498,140850,4639,13073,8776,1084,https://www.tmasgff.de/covid-19/fallzahlen
1636707600,169795,142540,4651,13158,8822,1096,https://www.tmasgff.de/covid-19/fallzahlen
1636794000,171668,143390,4662,13250,8865,1101,https://www.tmasgff.de/covid-19/fallzahlen
1636880400,172995,144020,4664,13290,8888,1104,https://www.tmasgff.de/covid-19/fallzahlen
1636966800,173804,145200,4674,13322,8902,1106,https://www.tmasgff.de/covid-19/fallzahlen
1637053200,175151,146220,4692,13430,8965,1118,https://www.tmasgff.de/covid-19/fallzahlen
1637139600,177608,147290,4717,13586,9061,1140,https://www.tmasgff.de/covid-19/fallzahlen
1637226000,179866,148390,4755,13669,9114,1149,https://www.tmasgff.de/covid-19/fallzahlen
1637312400,182715,149390,4776,13741,9154,1156,https://www.tmasgff.de/covid-19/fallzahlen
1637398800,184894,150600,4791,13824,9192,1165,https://www.tmasgff.de/covid-19/fallzahlen
1637485200,186690,151370,4795,13868,9216,1166,https://www.tmasgff.de/covid-19/fallzahlen
1637571600,187806,152620,4800,13915,9229,1172,https://www.tmasgff.de/covid-19/fallzahlen
1637658000,190192,153900,4825,14049,9314,1194,https://www.tmasgff.de/covid-19/fallzahlen
1637744400,193428,155250,4847,14179,9393,1209,https://www.tmasgff.de/covid-19/fallzahlen
1637830800,197023,156980,4878,14290,9456,1220,https://www.tmasgff.de/covid-19/fallzahlen
1637917200,200583,158370,4917,14401,9512,1233,https://www.tmasgff.de/covid-19/fallzahlen
1638003600,203953,159840,4927,14484,9556,1245,https://www.tmasgff.de/covid-19/fallzahlen
1638090000,206152,161020,4936,14537,9579,1248,https://www.tmasgff.de/covid-19/fallzahlen
1638176400,207619,162570,4938,14558,9594,1248,https://www.tmasgff.de/covid-19/fallzahlen
1638262800,211152,164550,4973,14689,9671,1260,https://www.tmasgff.de/covid-19/fallzahlen
1638349200,215056,166430,5013,14868,9775,1280,https://www.tmasgff.de/covid-19/fallzahlen
1638435600,219514,168840,5053,14978,9841,1289,https://www.tmasgff.de/covid-19/fallzahlen
1638522000,223411,170810,5087,15127,9944,1304,https://www.tmasgff.de/covid-19/fallzahlen
1638608400,227026,172130,5122,15239,10012,1318,https://www.tmasgff.de/covid-19/fallzahlen
1638694800,229153,173780,5136,15308,10073,1327,https://www.tmasgff.de/covid-19/fallzahlen
1638781200,230694,175980,5154,15352,10090,1339,https://www.tmasgff.de/covid-19/fallzahlen
1638867600,233833,178400,5204,15488,10175,1353,https://www.tmasgff.de/covid-19/fallzahlen
1638954000,237949,181410,5245,15655,10269,1376,https://www.tmasgff.de/covid-19/fallzahlen
1639040400,242474,184010,5277,15759,10341,1391,https://www.tmasgff.de/covid-19/fallzahlen
1639126800,246277,186640,5308,15873,10422,1409,https://www.tmasgff.de/covid-19/fallzahlen
1639213200,249313,188460,5344,15989,10493,1424,https://www.tmasgff.de/covid-19/fallzahlen
1639299600,251555,189850,5360,16083,10542,1433,https://www.tmasgff.de/covid-19/fallzahlen
1639386000,253031,192290,5369,16146,10585,1443,https://www.tmasgff.de/covid-19/fallzahlen
1639472400,255166,195260,5401,16239,10645,1457,https://www.tmasgff.de/covid-19/fallzahlen
1639558800,258583,198750,5428,16353,10718,1472,https://www.tmasgff.de/covid-19/fallzahlen
1639645200,261788,201990,5469,16475,10798,1495,https://www.tmasgff.de/covid-19/fallzahlen
1639731600,265145,204830,5497,16588,10858,1514,https://www.tmasgff.de/covid-19/fallzahlen
1639818000,267913,207170,5540,16662,10894,1532,https://www.tmasgff.de/covid-19/fallzahlen
1639904400,269854,209170,5549,16715,10929,1540,https://www.tmasgff.de/covid-19/fallzahlen
1639990800,270697,211890,5564,16770,10952,1544,https://www.tmasgff.de/covid-19/fallzahlen
1640077200,272440,214900,5627,16876,11009,1556,https://www.tmasgff.de/covid-19/fallzahlen
1640163600,275494,218550,5657,17055,11116,1573,https://www.tmasgff.de/covid-19/fallzahlen
1640250000,278305,221770,5697,17188,11192,1583,https://www.tmasgff.de/covid-19/fallzahlen
1640336400,280397,225580,5719,17290,11256,1597,https://www.tmasgff.de/covid-19/fallzahlen
1640422800,281787,227410,5740,17329,11284,1603,https://www.tmasgff.de/covid-19/fallzahlen
1640509200,282216,229170,5742,17343,11292,1603,https://www.tmasgff.de/covid-19/fallzahlen
1640595600,282661,232150,5744,17363,11304,1604,https://www.tmasgff.de/covid-19/fallzahlen
1640682000,283493,235370,5775,17445,11356,1620,https://www.tmasgff.de/covid-19/fallzahlen
1640768400,285596,238370,5808,17561,11433,1636,https://www.tmasgff.de/covid-19/fallzahlen
1640854800,287983,241100,5840,17664,11507,1650,https://www.tmasgff.de/covid-19/fallzahlen
1640941200,289693,243800,5871,17772,11581,1663,https://www.tmasgff.de/covid-19/fallzahlen
1641027600,290780,245820,5886,17790,11590,1663,https://www.tmasgff.de/covid-19/fallzahlen
1641114000,291068,246710,5887,17795,11590,1665,https://www.tmasgff.de/covid-19/fallzahlen
1641200400,291418,248830,5897,17829,11612,1673,https://www.tmasgff.de/covid-19/fallzahlen
1641286800,292409,251420,5934,17932,11676,1688,https://www.tmasgff.de/covid-19/fallzahlen
1641373200,294604,254460,5969,18022,11722,1700,https://www.tmasgff.de/covid-19/fallzahlen
1641459600,296171,256760,6003,18099,11763,1709,https://www.tmasgff.de/covid-19/fallzahlen
1641546000,297374,258710,6037,18179,11802,1717,https://www.tmasgff.de/covid-19/fallzahlen
1641632400,298157,260650,6075,18217,11813,1721,https://www.tmasgff.de/covid-19/fallzahlen
1641718800,298660,261940,6075,18230,11817,1723,https://www.tmasgff.de/covid-19/fallzahlen
1641805200,299140,263630,6077,18232,11819,1725,https://www.tmasgff.de/covid-19/fallzahlen
1641891600,299683,265880,6113,18281,11851,1734,https://www.tmasgff.de/covid-19/fallzahlen
1641978000,300727,267980,6158,18335,11883,1751,https://www.tmasgff.de/covid-19/fallzahlen
1642064400,301674,270030,6195,18384,11916,1757,https://www.tmasgff.de/covid-19/fallzahlen
1642150800,302406,271570,6235,18431,11934,1770,https://www.tmasgff.de/covid-19/fallzahlen
1642237200,303023,272850,6251,18456,11955,1775,https://www.tmasgff.de/covid-19/fallzahlen
1642323600,303299,273500,6252,18464,11959,1776,https://www.tmasgff.de/covid-19/fallzahlen
1642410000,303525,274740,6255,18465,11960,1776,https://www.tmasgff.de/covid-19/fallzahlen
1642496400,304176,276650,6278,18534,12005,1783,https://www.tmasgff.de/covid-19/fallzahlen
1642582800,305487,278140,6304,18584,12022,1789,https://www.tmasgff.de/covid-19/fallzahlen
1642669200,306823,279470,6316,18613,12033,1792,https://www.tmasgff.de/covid-19/fallzahlen
1642755600,308064,280410,6334,18644,12048,1798,https://www.tmasgff.de/covid-19/fallzahlen
1642842000,309165,281010,6341,-1,-1,-1,https://www.tmasgff.de/covid-19/fallzahlen
1642928400,309932,281590,6341,-1,-1,-1,https://www.tmasgff.de/covid-19/fallzahlen
1643014800,310098,282370,6343,18685,12063,1802,https://www.tmasgff.de/covid-19/fallzahlen
1643101200,310910,283590,6355,18723,12085,1804,https://www.tmasgff.de/covid-19/fallzahlen
1643187600,312800,284940,6372,18772,12108,1812,https://www.tmasgff.de/covid-19/fallzahlen
1643274000,314807,285960,6373,18806,12130,1816,https://www.tmasgff.de/covid-19/fallzahlen
1643360400,316689,286810,6388,18833,12138,1819,https://www.tmasgff.de/covid-19/fallzahlen
1643446800,318169,287470,6394,-1,-1,-1,https://www.tmasgff.de/covid-19/fallzahlen
1643533200,319529,288020,6394,-1,-1,-1,https://www.tmasgff.de/covid-19/fallzahlen
1643619600,320130,288880,6394,18874,12154,1820,https://www.tmasgff.de/covid-19/fallzahlen
1643706000,321185,290450,6401,18892,12160,1821,https://www.tmasgff.de/covid-19/fallzahlen
1643792400,323986,291670,6410,18924,12178,1822,https://www.tmasgff.de/covid-19/fallzahlen
1643878800,327511,293120,6432,18956,12189,1829,https://www.tmasgff.de/covid-19/fallzahlen
1643965200,330620,293990,6435,18986,12211,1834,https://www.tmasgff.de/covid-19/fallzahlen
1644051600,333202,295720,6446,-1,-1,-1,https://www.tmasgff.de/covid-19/fallzahlen
1644138000,335435,296750,6447,-1,-1,-1,https://www.tmasgff.de/covid-19/fallzahlen
1644224400,336566,297830,6447,19059,12243,1840,https://www.tmasgff.de/covid-19/fallzahlen
1644310800,337936,299130,6452,19101,12263,1841,https://www.tmasgff.de/covid-19/fallzahlen
1644397200,342001,300310,6473,19182,12309,1853,https://www.tmasgff.de/covid-19/fallzahlen
1644483600,346464,301480,6475,19220,12327,1854,https://www.tmasgff.de/covid-19/fallzahlen
1644570000,350838,303030,6495,19290,12361,1858,https://www.tmasgff.de/covid-19/fallzahlen
1644656400,353870,304200,6495,-1,-1,-1,https://www.tmasgff.de/covid-19/fallzahlen
1644742800,356542,305080,6496,-1,-1,-1,https://www.tmasgff.de/covid-19/fallzahlen
1644829200,357625,306330,6497,19350,12391,1864,https://www.tmasgff.de/covid-19/fallzahlen
1644915600,359790,308350,6506,19385,12405,1866,https://www.tmasgff.de/covid-19/fallzahlen
1645002000,364110,310540,6517,19441,12432,1873,https://www.tmasgff.de/covid-19/fallzahlen
1645088400,368520,312760,6519,19504,12458,1878,https://www.tmasgff.de/covid-19/fallzahlen
1645174800,373486,314940,6528,19580,12494,1884,https://www.tmasgff.de/covid-19/fallzahlen
1645261200,377192,316780,6532,-1,-1,-1,https://www.tmasgff.de/covid-19/fallzahlen
1645347600,380380,317950,6547,-1,-1,-1,https://www.tmasgff.de/covid-19/fallzahlen
1645434000,381682,320200,6549,19640,12525,1887,https://www.tmasgff.de/covid-19/fallzahlen
1645520400,384067,322920,6557,19678,12552,1889,https://www.tmasgff.de/covid-19/fallzahlen
1645606800,389024,325980,6564,19756,12575,1897,https://www.tmasgff.de/covid-19/fallzahlen
1645693200,394476,328750,6592,19798,12590,1901,https://www.tmasgff.de/covid-19/fallzahlen
1645779600,400147,331590,6597,19878,12623,1907,https://www.tmasgff.de/covid-19/fallzahlen
1645866000,404403,333630,6603,-1,-1,-1,https://www.tmasgff.de/covid-19/fallzahlen
1645952400,408137,335010,6604,-1,-1,-1,https://www.tmasgff.de/covid-19/fallzahlen
1646038800,409564,337950,6605,19984,12661,1916,https://www.tmasgff.de/covid-19/fallzahlen
1646125200,412221,-1,6615,20047,12680,1923,https://www.tmasgff.de/covid-19/fallzahlen
1646211600,417550,-1,6622,20131,12710,1931,https://www.tmasgff.de/covid-19/fallzahlen
1646298000,422694,-1,6624,20197,12733,1937,https://www.tmasgff.de/covid-19/fallzahlen
1646384400,429232,-1,6629,20262,12762,1942,https://www.tmasgff.de/covid-19/fallzahlen
1646470800,434284,-1,6636,-1,-1,-1,https://www.tmasgff.de/covid-19/fallzahlen
1646557200,438537,-1,6638,-1,-1,-1,https://www.tmasgff.de/covid-19/fallzahlen
1646643600,440400,-1,6640,20349,12808,1947,https://www.tmasgff.de/covid-19/fallzahlen
1646730000,445334,-1,6650,20457,12843,1956,https://www.tmasgff.de/covid-19/fallzahlen
1646816400,452031,-1,6666,20567,12897,1965,https://www.tmasgff.de/covid-19/fallzahlen
1646902800,460155,-1,6669,20655,12915,1966,https://www.tmasgff.de/covid-19/fallzahlen
1646989200,468212,-1,6674,20744,12948,1975,https://www.tmasgff.de/covid-19/fallzahlen
1647075600,475355,-1,6677,-1,-1,-1,https://www.tmasgff.de/covid-19/fallzahlen
1647162000,480213,-1,6685,-1,-1,-1,https://www.tmasgff.de/covid-19/fallzahlen
1647248400,483104,-1,6686,20857,12978,1977,https://www.tmasgff.de/covid-19/fallzahlen
1647334800,489314,-1,6695,21004,13046,1983,https://www.tmasgff.de/covid-19/fallzahlen
1647421200,496974,-1,6705,21159,13110,1990,https://www.tmasgff.de/covid-19/fallzahlen
1647507600,506079,-1,6715,21245,13154,1991,https://www.tmasgff.de/covid-19/fallzahlen
1647594000,514835,-1,6723,21336,13205,1996,https://www.tmasgff.de/covid-19/fallzahlen
1647680400,522032,-1,6726,-1,-1,-1,https://www.tmasgff.de/covid-19/fallzahlen
1647766800,526845,-1,6726,-1,-1,-1,https://www.tmasgff.de/covid-19/fallzahlen
1647853200,530588,-1,6726,21472,13255,2000,https://www.tmasgff.de/covid-19/fallzahlen
1647939600,537545,-1,6733,21553,13274,2005,https://www.tmasgff.de/covid-19/fallzahlen
1648026000,545939,-1,6746,21664,13302,2012,https://www.tmasgff.de/covid-19/fallzahlen
1648112400,554177,-1,6755,21748,13353,2014,https://www.tmasgff.de/covid-19/fallzahlen
1648198800,562834,-1,6767,21838,13378,2018,https://www.tmasgff.de/covid-19/fallzahlen
1648285200,569503,-1,6776,-1,-1,-1,https://www.tmasgff.de/covid-19/fallzahlen
1648368000,574177,-1,6779,-1,-1,-1,https://www.tmasgff.de/covid-19/fallzahlen
1648454400,576426,-1,6779,21942,13405,2026,https://www.tmasgff.de/covid-19/fallzahlen
1648540800,582094,-1,6792,22029,13438,2032,https://www.tmasgff.de/covid-19/fallzahlen
1648627200,589439,-1,6823,22215,13513,2040,https://www.tmasgff.de/covid-19/fallzahlen
1648713600,597368,-1,6834,22330,13573,2045,https://www.tmasgff.de/covid-19/fallzahlen
1648800000,605265,-1,6842,22411,13610,2050,https://www.tmasgff.de/covid-19/fallzahlen
1648886400,612496,-1,6848,-1,-1,-1,https://www.tmasgff.de/covid-19/fallzahlen
1648972800,616192,-1,6853,-1,-1,-1,https://www.tmasgff.de/covid-19/fallzahlen
1649059200,617671,-1,6853,22530,13650,2060,https://www.tmasgff.de/covid-19/fallzahlen
1649145600,623592,-1,6865,22626,13694,2065,https://www.tmasgff.de/covid-19/fallzahlen
1649232000,629656,-1,6877,22699,13708,2068,https://www.tmasgff.de/covid-19/fallzahlen
1649318400,635869,-1,6905,22828,13732,2083,https://www.tmasgff.de/covid-19/fallzahlen
1649404800,642252,-1,6923,22933,13775,2086,https://www.tmasgff.de/covid-19/fallzahlen
1649664000,646519,-1,6930,-1,-1,-1,https://www.tmasgff.de/covid-19/fallzahlen
1649750400,652940,-1,6946,-1,-1,-1,https://www.tmasgff.de/covid-19/fallzahlen
1649836800,657086,-1,6953,-1,-1,-1,https://www.tmasgff.de/covid-19/fallzahlen
1649923200,661738,-1,6958,-1,-1,-1,https://www.tmasgff.de/covid-19/fallzahlen
1650355200,664997,-1,6961,-1,-1,-1,https://www.tmasgff.de/covid-19/fallzahlen
1650441600,671057,-1,6983,-1,-1,-1,https://www.tmasgff.de/covid-19/fallzahlen
1650528000,674367,-1,7020,-1,-1,-1,https://www.tmasgff.de/covid-19/fallzahlen
1650614400,677732,-1,7045,-1,-1,-1,https://www.tmasgff.de/covid-19/fallzahlen
1650873600,681348,-1,7052,-1,-1,-1,https://www.tmasgff.de/covid-19/fallzahlen
1650960000,683744,-1,7071,-1,-1,-1,https://www.tmasgff.de/covid-19/fallzahlen
1651046400,685344,-1,7080,-1,-1,-1,https://www.tmasgff.de/covid-19/fallzahlen
1651132800,687762,-1,7098,-1,-1,-1,https://www.tmasgff.de/covid-19/fallzahlen
1651219200,689885,-1,7103,-1,-1,-1,https://www.tmasgff.de/covid-19/fallzahlen
1651478400,691655,-1,7105,-1,-1,-1,https://www.tmasgff.de/covid-19/fallzahlen
1651564800,692924,-1,7112,-1,-1,-1,https://www.tmasgff.de/covid-19/fallzahlen
1651651200,694198,-1,7127,-1,-1,-1,https://www.tmasgff.de/covid-19/fallzahlen
1651737600,695795,-1,7133,-1,-1,-1,https://www.tmasgff.de/covid-19/fallzahlen
1651824000,696983,-1,7142,-1,-1,-1,https://www.tmasgff.de/covid-19/fallzahlen
1652083200,698209,-1,7163,-1,-1,-1,https://www.tmasgff.de/covid-19/fallzahlen
1652169600,699431,-1,7168,-1,-1,-1,https://www.tmasgff.de/covid-19/fallzahlen
1652256000,700462,-1,7178,-1,-1,-1,https://www.tmasgff.de/covid-19/fallzahlen
1652342400,701704,-1,7189,-1,-1,-1,https://www.tmasgff.de/covid-19/fallzahlen
1652428800,702377,-1,7198,-1,-1,-1,https://www.tmasgff.de/covid-19/fallzahlen
1652688000,703630,-1,7200,-1,-1,-1,https://www.tmasgff.de/covid-19/fallzahlen
1652774400,704382,-1,7228,-1,-1,-1,https://www.tmasgff.de/covid-19/fallzahlen
1652860800,705028,-1,7238,-1,-1,-1,https://www.tmasgff.de/covid-19/fallzahlen
1652947200,705834,-1,7246,-1,-1,-1,https://www.tmasgff.de/covid-19/fallzahlen
1653033600,706363,-1,7252,-1,-1,-1,https://www.tmasgff.de/covid-19/fallzahlen
1653292800,707375,-1,7269,-1,-1,-1,https://www.tmasgff.de/covid-19/fallzahlen
1653379200,708020,-1,7269,-1,-1,-1,https://www.tmasgff.de/covid-19/fallzahlen
1653465600,708421,-1,7274,-1,-1,-1,https://www.tmasgff.de/covid-19/fallzahlen
1653897600,709172,-1,7278,-1,-1,-1,https://www.tmasgff.de/covid-19/fallzahlen
1653984000,709730,-1,7288,-1,-1,-1,https://www.tmasgff.de/covid-19/fallzahlen
1654070400,710277,-1,7290,-1,-1,-1,https://www.tmasgff.de/covid-19/fallzahlen
1654156800,710724,-1,7291,-1,-1,-1,https://www.tmasgff.de/covid-19/fallzahlen
1654243200,710992,-1,7296,-1,-1,-1,https://www.tmasgff.de/covid-19/fallzahlen
1654588800,711387,-1,7299,-1,-1,-1,https://www.tmasgff.de/covid-19/fallzahlen
1654675200,712011,-1,7300,-1,-1,-1,https://www.tmasgff.de/covid-19/fallzahlen
1654761600,712596,-1,7308,-1,-1,-1,https://www.tmasgff.de/covid-19/fallzahlen
1654848000,713148,-1,7316,-1,-1,-1,https://www.tmasgff.de/covid-19/fallzahlen
1655107200,713878,-1,7326,-1,-1,-1,https://www.tmasgff.de/covid-19/fallzahlen
1655193600,714785,-1,7331,-1,-1,-1,https://www.tmasgff.de/covid-19/fallzahlen
1655280000,715488,-1,7336,-1,-1,-1,https://www.tmasgff.de/covid-19/fallzahlen
1655366400,716274,-1,7336,-1,-1,-1,https://www.tmasgff.de/covid-19/fallzahlen
1655452800,716830,-1,7336,-1,-1,-1,https://www.tmasgff.de/covid-19/fallzahlen
1655712000,717691,-1,7343,-1,-1,-1,https://www.tmasgff.de/covid-19/fallzahlen
1655798400,718506,-1,7345,-1,-1,-1,https://www.tmasgff.de/covid-19/fallzahlen
1655884800,719630,-1,7350,-1,-1,-1,https://www.tmasgff.de/covid-19/fallzahlen
1655971200,720674,-1,7352,-1,-1,-1,https://www.tmasgff.de/covid-19/fallzahlen
1656057600,721582,-1,7352,-1,-1,-1,https://www.tmasgff.de/covid-19/fallzahlen
1656316800,722484,-1,7353,-1,-1,-1,https://www.tmasgff.de/covid-19/fallzahlen
1656403200,723756,-1,7355,-1,-1,-1,https://www.tmasgff.de/covid-19/fallzahlen
1656489600,725051,-1,7358,-1,-1,-1,https://www.tmasgff.de/covid-19/fallzahlen
1656576000,726452,-1,7358,-1,-1,-1,https://www.tmasgff.de/covid-19/fallzahlen
1656662400,727765,-1,7362,-1,-1,-1,https://www.tmasgff.de/covid-19/fallzahlen
1656921600,728805,-1,7367,-1,-1,-1,https://www.tmasgff.de/covid-19/fallzahlen
1657008000,730462,-1,7373,-1,-1,-1,https://www.tmasgff.de/covid-19/fallzahlen
1657094400,731713,-1,7375,-1,-1,-1,https://www.tmasgff.de/covid-19/fallzahlen
1657180800,733417,-1,7377,-1,-1,-1,https://www.tmasgff.de/covid-19/fallzahlen
1657267200,734222,-1,7381,-1,-1,-1,https://www.tmasgff.de/covid-19/fallzahlen
1657526400,735788,-1,7382,-1,-1,-1,https://www.tmasgff.de/covid-19/fallzahlen
1657612800,737581,-1,7385,-1,-1,-1,https://www.tmasgff.de/covid-19/fallzahlen
1657699200,739285,-1,7388,-1,-1,-1,https://www.tmasgff.de/covid-19/fallzahlen
1657785600,740883,-1,7391,-1,-1,-1,https://www.tmasgff.de/covid-19/fallzahlen
1657872000,742531,-1,7393,-1,-1,-1,https://www.tmasgff.de/covid-19/fallzahlen
1658131200,744053,-1,7399,-1,-1,-1,https://www.tmasgff.de/covid-19/fallzahlen
1658217600,746103,-1,7407,-1,-1,-1,https://www.tmasgff.de/covid-19/fallzahlen
1658304000,748468,-1,7410,-1,-1,-1,https://www.tmasgff.de/covid-19/fallzahlen
1658390400,750398,-1,7413,-1,-1,-1,https://www.tmasgff.de/covid-19/fallzahlen
1658476800,751887,-1,7415,-1,-1,-1,https://www.tmasgff.de/covid-19/fallzahlen
1658736000,753276,-1,7421,-1,-1,-1,https://www.tmasgff.de/covid-19/fallzahlen
1658822400,755286,-1,7427,-1,-1,-1,https://www.tmasgff.de/covid-19/fallzahlen
1658908800,757194,-1,7433,-1,-1,-1,https://www.tmasgff.de/covid-19/fallzahlen
1658995200,759040,-1,7436,-1,-1,-1,https://www.tmasgff.de/covid-19/fallzahlen
1659081600,760117,-1,7436,-1,-1,-1,https://www.tmasgff.de/covid-19/fallzahlen
1659340800,761283,-1,7442,-1,-1,-1,https://www.tmasgff.de/covid-19/fallzahlen
1659427200,762578,-1,7449,-1,-1,-1,https://www.tmasgff.de/covid-19/fallzahlen
1659513600,763668,-1,7457,-1,-1,-1,https://www.tmasgff.de/covid-19/fallzahlen
1659600000,765049,-1,7460,-1,-1,-1,https://www.tmasgff.de/covid-19/fallzahlen
1659686400,765915,-1,7464,-1,-1,-1,https://www.tmasgff.de/covid-19/fallzahlen
1659945600,766792,-1,7472,-1,-1,-1,https://www.tmasgff.de/covid-19/fallzahlen
1660032000,767743,-1,7476,-1,-1,-1,https://www.tmasgff.de/covid-19/fallzahlen
1660118400,768721,-1,7483,-1,-1,-1,https://www.tmasgff.de/covid-19/fallzahlen
1660204800,769696,-1,7484,-1,-1,-1,https://www.tmasgff.de/covid-19/fallzahlen
1660291200,770669,-1,7492,-1,-1,-1,https://www.tmasgff.de/covid-19/fallzahlen
1660550400,771463,-1,7494,-1,-1,-1,https://www.tmasgff.de/covid-19/fallzahlen
1660636800,772598,-1,7501,-1,-1,-1,https://www.tmasgff.de/covid-19/fallzahlen
1660723200,773525,-1,7517,-1,-1,-1,https://www.tmasgff.de/covid-19/fallzahlen
1660809600,774565,-1,7519,-1,-1,-1,https://www.tmasgff.de/covid-19/fallzahlen
1660896000,775338,-1,7526,-1,-1,-1,https://www.tmasgff.de/covid-19/fallzahlen
1661155200,775927,-1,7527,-1,-1,-1,https://www.tmasgff.de/covid-19/fallzahlen
1661241600,776898,-1,7530,-1,-1,-1,https://www.tmasgff.de/covid-19/fallzahlen
1661328000,777751,-1,7535,-1,-1,-1,https://www.tmasgff.de/covid-19/fallzahlen
1661414400,778622,-1,7540,-1,-1,-1,https://www.tmasgff.de/covid-19/fallzahlen
1661500800,779266,-1,7543,-1,-1,-1,https://www.tmasgff.de/covid-19/fallzahlen
1661760000,779830,-1,7552,-1,-1,-1,https://www.tmasgff.de/covid-19/fallzahlen
1661846400,780740,-1,7561,-1,-1,-1,https://www.tmasgff.de/covid-19/fallzahlen
1661932800,781530,-1,7565,-1,-1,-1,https://www.tmasgff.de/covid-19/fallzahlen
1662019200,782230,-1,7566,-1,-1,-1,https://www.tmasgff.de/covid-19/fallzahlen
1662105600,782807,-1,7568,-1,-1,-1,https://www.tmasgff.de/covid-19/fallzahlen
1662364800,783447,-1,7570,-1,-1,-1,https://www.tmasgff.de/covid-19/fallzahlen
1662451200,784212,-1,7574,-1,-1,-1,https://www.tmasgff.de/covid-19/fallzahlen
1662537600,785229,-1,7575,-1,-1,-1,https://www.tmasgff.de/covid-19/fallzahlen
1662624000,786173,-1,7583,-1,-1,-1,https://www.tmasgff.de/covid-19/fallzahlen
1662710400,786938,-1,7586,-1,-1,-1,https://www.tmasgff.de/covid-19/fallzahlen
1662969600,787781,-1,7587,-1,-1,-1,https://www.tmasgff.de/covid-19/fallzahlen
1663056000,788821,-1,7592,-1,-1,-1,https://www.tmasgff.de/covid-19/fallzahlen
1663142400,789901,-1,7595,-1,-1,-1,https://www.tmasgff.de/covid-19/fallzahlen
1663228800,791012,-1,7598,-1,-1,-1,https://www.tmasgff.de/covid-19/fallzahlen
1663315200,791745,-1,7601,-1,-1,-1,https://www.tmasgff.de/covid-19/fallzahlen
